race,proportion
White,0.6813962789799606
Black/ African American,0.1155750479264071
Hispanic/ Latino,0.13413877280814265
Asian,0.045030135021446205
Unspecified,0.023859765264043473
